"TOWN","Latitude","Longitude","MEDV","GPR_BMA","GPR_Prediction","GWR_Prediction"
"Nahant",42.255,-70.955,24000,24615.0408094958,25084.7669270915,24075.5367094738
"Swampscott",42.2875,-70.95,21600,21521.2459847064,21650.9992293555,22247.542951373
"Swampscott",42.283,-70.936,34700,33699.1200754447,32866.8764812125,32870.4202404065
"Marblehead",42.293,-70.928,33400,32784.8581936571,31753.3819887423,36045.8286408437
"Marblehead",42.298,-70.922,36200,32418.6394453285,32040.3982460937,32405.6773875705
"Marblehead",42.304,-70.9165,28700,24726.5430919802,24837.1484010664,27559.5343907227
"Salem",42.297,-70.936,22900,20503.8046584929,20827.3108309819,22336.7285152998
"Salem",42.31,-70.9375,27100,19041.9230737094,19259.4192664048,19812.3948930066
"Salem",42.312,-70.933,16500,17829.8309128412,17840.693992053,16122.4863921073
"Salem",42.316,-70.929,18900,18835.5808773466,19064.8870063053,18711.8267787036
"Salem",42.316,-70.935,15000,19207.4869326981,19530.7939618432,19310.5532808371
"Salem",42.317,-70.944,18900,19476.2361010828,19781.4983410363,20454.5438798034
"Salem",42.306,-70.951,21700,21116.7107780667,21187.9039446986,22157.0928846363
"Lynn",42.292,-70.9645,20400,19294.7951711149,19131.1321524801,20463.8445613278
"Lynn",42.287,-70.972,18200,18024.9074770216,17793.3091079902,18734.2046266163
"Lynn",42.294,-70.9765,19900,19240.8808951184,19100.5820649525,20390.3012029781
"Lynn",42.2985,-70.987,23100,21286.5614214326,21199.8807236814,22958.4690486973
"Lynn",42.285,-70.978,17500,17269.0918461077,16990.7067752181,17448.9874278773
"Lynn",42.2825,-70.9925,20200,18838.8695924967,18566.5853612076,18703.9868321037
"Lynn",42.2776,-70.988,18200,18236.6243421399,17968.4954962462,18241.7061963792
"Lynn",42.277,-70.9835,13600,14957.0861219191,14857.8451028688,13170.5429071543
"Lynn",42.281,-70.982,19600,17178.0867178357,16885.8250685273,16752.068925366
"Lynn",42.279,-70.9775,15200,17016.709908753,16697.4812322249,15732.02098816
"Lynn",42.279,-70.973,14500,15710.8733570999,15428.3401043456,14248.0836987615
"Lynn",42.2816,-70.9693,15600,16357.7439011984,16058.8636265859,15859.1258585901
"Lynn",42.284,-70.964,13900,14692.2986579287,14775.9988745198,14007.5933237212
"Lynn",42.287,-70.9597,16600,15884.4077990634,15713.4838756216,15916.9454685188
"Lynn",42.2825,-70.9597,14800,15140.1047127286,15218.4249736968,15353.443767368
"Lynn",42.28,-70.957,18400,18617.6056532455,18321.0171420638,19239.723461947
"Lynn",42.278,-70.951,21000,20156.2520796674,19857.3085982799,20381.991238416
"Lynn",42.279,-70.967,12700,14559.9580190626,14565.4345001044,13037.7569942386
"Lynn",42.2765,-70.964,14500,16636.0050130876,16447.7646144994,14931.8961232367
"Lynn",42.2765,-70.972,13200,14715.6177505567,14704.9576434214,13217.8089418505
"Lynn",42.276,-70.9795,13100,14967.9180389962,15001.2396987148,13925.2511939697
"Lynn",42.272,-70.9775,13500,14832.1726142607,14891.2994593578,13398.297472664
"Sargus",42.27,-71,18900,21336.6106163468,21221.8195473111,21197.0900787895
"Sargus",42.2745,-71.008,20000,20968.1323488866,20741.0635138309,20620.5674513746
"Sargus",42.2865,-71.004,21000,21604.2255572105,21740.1161093723,22836.8426897438
"Sargus",42.2875,-71.02,24700,22802.9255429571,22847.6786454216,23920.0313215024
"Lynnfield",42.313,-71.013,30800,29085.1685190661,29325.2164086675,28861.0161742837
"Lynnfield",42.324,-71.03,34900,32997.4492370183,33919.0942992125,36039.0460645263
"Peabody",42.335,-71.004,26600,29499.750451757,28607.7127163598,29897.8606057098
"Peabody",42.3235,-71.003,25300,23927.8432577775,23841.7724266926,25843.3064987986
"Peabody",42.3237,-70.9775,24700,23752.1711576627,23812.9262206151,24792.981048704
"Peabody",42.317,-70.9675,21200,21774.6466592942,21880.3272200546,21489.437675393
"Peabody",42.3075,-70.9725,19300,20507.7303864807,20697.8441600003,20657.5802068563
"Peabody",42.3075,-70.965,20000,21006.5262664501,21061.6373761,19770.7199491136
"Peabody",42.3125,-70.956,16600,18525.728209738,18284.3601514856,17207.3929482642
"Peabody",42.3165,-70.955,14400,17270.8492069929,16796.5015363684,14362.729441953
"Peabody",42.3208,-70.9525,19400,18695.5841795517,18513.3011788915,17648.1973122311
"Danvers",42.334,-70.951,19700,20553.823393334,20365.5016976064,20356.0069710748
"Danvers",42.3382,-70.963,20500,20990.211249645,21015.4474888499,20824.9729762864
"Danvers",42.346,-70.958,25000,27333.2236359508,27233.4894658138,26949.9271535747
"Danvers",42.3425,-70.978,23400,21867.8453578851,21913.3927218086,23263.4463864498
"Middleton",42.3715,-71.0175,18900,18655.5150231617,18876.3581972012,15915.9043144205
"Topsfield",42.381,-70.9625,35400,33767.3756259738,33044.0872789674,33001.6103111261
"Hamilton",42.374,-70.93,24700,24078.6052050977,24820.1507650623,25197.2844829424
"Wenham",42.3715,-70.9295,31600,30279.5079162685,30909.9018944576,31254.0229961072
"Beverly",42.346,-70.9385,23300,22090.14818632,22165.2174205002,22671.3965615154
"Beverly",42.332,-70.94,19600,20362.290795646,20277.2773586803,20815.8742115139
"Beverly",42.337,-70.93,18700,18725.372923469,18434.2956240097,18174.556080001
"Beverly",42.3275,-70.93,16000,17713.3888573361,17522.8082260475,16669.6792956469
"Beverly",42.332,-70.9215,22200,22336.9816951638,22405.0429354356,22138.3134730949
"Beverly",42.339,-70.9075,25000,24516.9850414619,24574.5468074325,24830.2898802987
"Manchester",42.345,-70.86,33000,27627.4933864166,27765.604190371,26764.9668518404
"North Reading",42.345,-71.045,23500,25011.5357277637,25831.0892622547,26535.5292056127
"North Reading",42.3525,-71.069,19400,19909.7501460423,19905.4303072465,20783.3852110978
"Wilmington",42.3362,-71.09,22000,20557.9570199119,20590.1090500601,21055.4511639697
"Wilmington",42.34,-71.108,17400,18961.608317664,18766.2017535405,17660.1470535251
"Wilmington",42.327,-71.111,20900,20108.1374178971,20069.5258215951,20290.0253485485
"Burlington",42.316,-71.121,24200,24937.6042151693,24727.6936415827,25318.7664351093
"Burlington",42.3008,-71.1095,21700,21729.3506725373,21830.9773330012,21105.5160591394
"Burlington",42.305,-71.13,22800,22919.0870919024,22839.0827647889,24110.9114074276
"Burlington",42.292,-71.123,23400,23634.6513839105,23611.5817205651,24008.8742390067
"Woburn",42.289,-71.1105,24100,23997.6265187614,24043.0607858143,24665.4424101107
"Woburn",42.2875,-71.1,21400,22342.2882256396,22485.0715287563,22011.4088968017
"Woburn",42.2835,-71.09,20000,20099.8916324464,20025.2018925893,20144.4631447075
"Woburn",42.2895,-71.076,20800,21694.7205773138,21787.1336688268,21191.5834063271
"Woburn",42.295,-71.0905,21200,20692.9024646463,20705.4257428204,20319.1216228738
"Woburn",42.305,-71.091,20300,20711.7507854799,20990.6644772864,20114.6098589454
"Reading",42.308,-71.0685,28000,28982.8287179312,29134.2423202041,27905.0906531844
"Reading",42.315,-71.069,23900,23956.2700076683,24204.1689961627,23768.2175034956
"Reading",42.326,-71.0675,24800,24100.0897937386,24204.1773213138,24449.6384513928
"Reading",42.317,-71.0575,22900,22211.2392941527,22212.2054671178,22483.0494038217
"Wakefield",42.3075,-71.043,23900,23903.0533084134,24043.7321515425,23580.0117831849
"Wakefield",42.3,-71.05,26600,26895.3559196525,27097.5361708754,25894.4849867974
"Wakefield",42.305,-71.033,22500,21830.152321956,21780.940175437,21303.1697431727
"Wakefield",42.2885,-71.039,22200,22871.7520419215,23060.7896466911,23600.0634449194
"Melrose",42.2796,-71.042,23600,28397.8483297063,28931.1411842727,26452.087151383
"Melrose",42.2785,-71.0345,28700,31745.2959771763,32004.283814526,28848.9879985409
"Melrose",42.272,-71.03,22600,23989.2517524435,24481.5982654025,23320.1974136106
"Melrose",42.2715,-71.0425,22000,23573.4878581439,24088.6689377161,23097.9175732269
"Stoneham",42.283,-71.053,22900,25433.1731392363,24531.6358772461,24651.2525127942
"Stoneham",42.296,-71.062,25000,24921.3330501882,24424.8139146383,25361.9853260767
"Stoneham",42.284,-71.0615,20600,22328.8813696722,21234.9280817987,21098.2716662966
"Winchester",42.2775,-71.076,28400,26440.7250711825,26581.5931375818,27072.9074061236
"Winchester",42.2775,-71.085,21400,21539.2960135208,21667.494720502,21683.2395775308
"Winchester",42.2715,-71.089,38700,38564.4469279279,38725.2707939921,39404.2448864806
"Winchester",42.2685,-71.0982,43800,41945.1317779756,40302.8922704519,42108.6074004251
"Winchester",42.268,-71.08,33200,34494.6745917856,34671.4429662954,32136.9762453651
"Medford",42.2545,-71.0668,27500,24076.6760538666,23438.1133101507,24269.0706289625
"Medford",42.245,-71.081,26500,25823.1000974563,25092.0986932522,25922.3514198657
"Medford",42.2515,-71.0812,18600,18967.5255023144,18491.5831399279,19593.1387997915
"Medford",42.249,-71.077,19300,19457.2297871768,19018.5495031547,19857.8245809807
"Medford",42.248,-71.069,20100,20173.023472236,19732.6365755264,20845.6047417558
"Medford",42.2425,-71.0662,19500,18096.897998881,18048.7337055881,18372.553611694
"Medford",42.2431,-71.0622,19500,17705.9026645679,17689.1396438226,17441.5975127933
"Medford",42.2465,-71.0553,20400,20102.1878828437,19857.9167579663,20277.9526803125
"Medford",42.2505,-71.055,19800,20861.2743204639,20436.8780988926,20910.0970987957
"Medford",42.254,-71.06,19400,18975.9280861122,18730.4732783247,18642.0243166774
"Medford",42.2605,-71.056,21700,22247.4341087637,21715.2247110981,21095.8247192787
"Malden",42.261,-71.0475,22800,24248.3759380143,24700.3128943279,23149.1148576326
"Malden",42.253,-71.049,18800,18351.2879148043,18479.3298162895,17845.4217200722
"Malden",42.258,-71.0428,18700,18228.5261845524,18370.7480235984,17612.1057101326
"Malden",42.2512,-71.0396,18500,22307.359510634,22488.208387437,21451.3695814303
"Malden",42.2545,-71.0355,18300,17915.8582765944,18337.3496497406,17337.2166709944
"Malden",42.2608,-71.036,21200,21204.6972150388,21385.325015986,21092.1353757927
"Malden",42.262,-71.0285,19200,20521.3335624782,20725.1143878429,20192.7382986481
"Malden",42.258,-71.0285,20400,18767.1869494366,19072.672393787,18339.8518865844
"Malden",42.2605,-71.019,19300,19761.0354117385,19790.3942762392,19605.1056712712
"Everett",42.2483,-71.0243,22000,20992.3361904371,20667.2759130984,23626.8875158645
"Everett",42.2505,-71.0312,20300,20438.6454513043,20268.6695688379,21774.4885856897
"Everett",42.247,-71.0377,20500,19376.3122218348,19094.5994969616,19254.9792890472
"Everett",42.2435,-71.037,17300,18049.8108397469,17702.0025416571,15765.1068742337
"Everett",42.245,-71.0308,18800,19158.0774930404,18894.7580002365,19232.521440052
"Everett",42.2431,-71.0262,21400,20362.2655713376,20065.2491226,22019.9339687728
"Everett",42.2395,-71.0333,15700,17511.9892724917,17124.2987794752,15622.5230925788
"Somerville",42.2355,-71.053,16200,15833.0065393856,15881.7093212246,17322.7809590937
"Somerville",42.235,-71.058,18000,18525.2785796685,18399.6279560758,18026.1226631515
"Somerville",42.2368,-71.0638,14300,15404.201506467,15403.4232709493,15761.9820869453
"Somerville",42.239,-71.0692,19200,19785.3930470819,19727.2882149782,20108.7743132006
"Somerville",42.24,-71.075,19600,19373.4755328994,19407.3579933156,19920.6997613059
"Somerville",42.2405,-71.0745,23000,20112.6070062502,20198.2815714389,20721.0901417746
"Somerville",42.245,-71.079,18400,16398.3686552831,16630.1357296512,17385.9665852785
"Somerville",42.2405,-71.076,15600,14681.142238451,14769.2579005952,15479.2609444062
"Somerville",42.2362,-71.075,18100,17348.3762942007,17304.0710702689,17989.5463144692
"Somerville",42.2335,-71.0677,17400,16158.4920196659,16250.3763314999,16594.5590282275
"Somerville",42.2325,-71.063,17100,18958.8475194179,18819.4849060548,18532.6116034906
"Somerville",42.2275,-71.062,13300,15033.1699741428,14974.2285392823,15396.1390098138
"Somerville",42.23,-71.0568,17800,16579.8796553163,16484.6330142117,16826.6483519986
"Somerville",42.2312,-71.0518,14000,15307.0210695154,15184.418555061,15400.4063387036
"Somerville",42.2265,-71.0543,14400,13852.3584676024,13366.5680500232,13280.5561638451
"Cambridge",42.2222,-71.048,13400,15332.3612281109,15749.848889519,13283.8069348679
"Cambridge",42.223,-71.0519,15600,15424.7936646364,15790.5970474432,14063.9902220521
"Cambridge",42.2205,-71.051,11800,15010.736817111,15390.776676263,14173.6337104383
"Cambridge",42.219,-71.054,13800,15602.633308502,15583.0569309856,14676.1216637093
"Cambridge",42.221,-71.059,15600,15843.0526792142,16069.1880248706,16816.7968376148
"Cambridge",42.2222,-71.0555,14600,15034.1973821237,15400.7742002351,13651.6842229637
"Cambridge",42.224,-71.0567,17800,15147.6741397548,15417.5535899677,13774.6877997843
"Cambridge",42.223,-71.058,15400,16092.9683586358,16447.923529407,15938.8814319388
"Cambridge",42.2236,-71.062,21500,19112.9222007015,19527.0857022041,19710.2258889644
"Cambridge",42.2205,-71.0622,19600,17468.0026815372,18022.162071916,19101.9391623471
"Cambridge",42.217,-71.059,15300,17365.4050769671,16528.524021787,17373.9511552562
"Cambridge",42.215,-71.0645,19400,16709.6452187906,17009.0754589023,17055.355457317
"Cambridge",42.2162,-71.0662,17000,18466.1222437991,16949.6114502111,16430.7372376548
"Cambridge",42.215,-71.068,15600,16281.9775998201,17327.7669333809,13742.4938496828
"Cambridge",42.22,-71.0667,13100,15808.38390958,15946.6652290318,14935.1047280412
"Cambridge",42.2285,-71.069,41300,36305.7047111808,36051.0592020148,36218.0375624401
"Cambridge",42.2245,-71.067,24300,25713.5690517668,26450.4177154889,29901.3510022145
"Cambridge",42.2223,-71.065,23300,23019.962087903,23719.329962919,25256.238013091
"Cambridge",42.2214,-71.07,27000,28152.8993714324,27265.4861149108,29216.389623322
"Cambridge",42.2282,-71.0735,50000,41425.8104262804,39587.5936136105,54473.0740260578
"Cambridge",42.225,-71.077,50000,43154.1461168467,39468.7163652846,51031.1919595356
"Cambridge",42.225,-71.0815,50000,46685.0736620598,39066.2300866073,45558.1298913028
"Cambridge",42.2265,-71.0918,22700,20838.1943169502,21053.3317054943,23067.4925430709
"Cambridge",42.2295,-71.082,25000,22270.301769668,22439.6984704513,22674.4430158255
"Cambridge",42.2305,-71.077,50000,46895.209781375,43028.7986868963,45109.955910236
"Cambridge",42.2345,-71.0866,23800,20706.1385763716,20634.3410170235,21346.4897901908
"Cambridge",42.2331,-71.074,23800,22973.8905830299,23324.2478359239,23401.8939587311
"Cambridge",42.2351,-71.0775,22300,23396.9982772447,23865.8330068144,23506.2274544574
"Cambridge",42.2368,-71.081,17400,19542.5849608235,19698.5438974724,19497.7718785767
"Cambridge",42.239,-71.0792,19100,20457.9540301815,20807.6615338863,20634.3142285238
"Arlington",42.2416,-71.087,23100,21296.2406085888,21141.677503277,20145.7889611506
"Arlington",42.245,-71.0855,23600,25859.4178648205,26122.5998248239,26692.66070587
"Arlington",42.2475,-71.0833,22600,23289.0898226684,23388.940601667,23860.8163811439
"Arlington",42.2575,-71.094,29400,30065.6995045573,30113.8461557176,32207.1522120617
"Arlington",42.255,-71.1125,23200,23588.6861187363,23751.0128255909,25175.1710033357
"Arlington",42.2512,-71.106,24600,25452.5864521195,25892.3129363742,28140.3486705653
"Arlington",42.247,-71.0965,29900,31345.6159480903,31585.7642846491,31089.9411455631
"Belmont",42.2408,-71.1,37200,34802.3446180599,34971.3943716031,39063.7317989195
"Belmont",42.2345,-71.0995,39800,36823.5327098142,37460.6648849425,38271.7977901781
"Belmont",42.2282,-71.0966,36200,25998.3266528157,25975.3891124991,29483.3968143271
"Belmont",42.2287,-71.1005,37900,33219.800112836,33190.5334261709,37935.31635035
"Belmont",42.23,-71.1065,32500,27076.5792803012,27252.812867941,32670.1693424533
"Belmont",42.23,-71.112,26400,21467.7846544145,21001.0684420062,23635.7194100717
"Belmont",42.235,-71.1175,29600,24160.8915265224,23825.7468232308,26848.7857526659
"Belmont",42.2442,-71.1115,50000,44504.2774903854,43841.5839925739,45157.8171598203
"Lexington",42.2565,-71.122,32000,29410.6072026555,29586.5044939425,31536.9624068641
"Lexington",42.255,-71.1408,29800,28514.485994752,28566.0247081169,31292.8206385395
"Lexington",42.2651,-71.145,34900,35048.3283903449,35308.5999756455,33889.2314883246
"Lexington",42.27,-71.1216,37000,31166.0314420508,31002.3113054966,32220.1832647227
"Lexington",42.2765,-71.1485,30500,29036.0115339936,29021.0740009412,30493.4681442145
"Lexington",42.2785,-71.134,36400,35810.914808364,35835.8637227183,36071.0167013639
"Bedford",42.3,-71.1525,31100,29895.0636991153,29802.818188092,30374.2310954915
"Bedford",42.303,-71.1633,29100,28594.4847164722,28594.5062824877,30085.1574570017
"Lincoln",42.2525,-71.189,50000,45771.3879675864,44466.245371777,47442.0089450656
"Concord",42.2715,-71.22,33300,35283.926904126,34793.4246830096,36561.8899196152
"Concord",42.2725,-71.24,30300,28544.2529378512,28758.1863909771,27743.4256104516
"Concord",42.289,-71.222,34600,32156.7768217211,32136.7701799278,31282.4504269029
"Sudbury",42.2425,-71.244,34900,31264.1768976652,31013.4534012856,31585.3862420397
"Sudbury",42.2225,-71.263,32900,33005.0209480669,32385.9431928814,32785.9719029747
"Wayland",42.1955,-71.2185,24100,22585.7857196574,23516.6433345808,24856.4411601538
"Wayland",42.218,-71.214,42300,41274.5817254143,40719.2963506118,40836.2164107835
"Weston",42.232,-71.199,48500,46545.6471697638,42609.1084549537,45870.8886799545
"Weston",42.2058,-71.199,50000,46446.9289154298,42742.103975346,48941.0646421823
"Waltham",42.2445,-71.1475,22600,22736.583455274,22637.9393648794,24816.6210900167
"Waltham",42.2308,-71.15,24400,23389.6862419329,22928.6132021559,26000.7082308562
"Waltham",42.2268,-71.149,22500,19292.254303999,18130.0284781891,21930.7115413769
"Waltham",42.222,-71.1503,24400,21276.4306635532,22780.6243064326,23390.7792445645
"Waltham",42.2217,-71.143,20000,17744.8443794282,19848.4442508809,18726.3188124373
"Waltham",42.2177,-71.1435,21700,19046.8088261995,21190.4589554803,22108.9488384588
"Waltham",42.2216,-71.138,19300,18291.6492385852,20070.2610321461,19445.6222828534
"Waltham",42.225,-71.1335,22400,21490.4474178271,22211.3529076158,22399.1641476805
"Waltham",42.2355,-71.1375,28100,25457.2358340398,25166.0052064678,27757.6125217552
"Waltham",42.235,-71.127,23700,21914.9519634492,21536.7183852274,20952.8299868342
"Waltham",42.2277,-71.1245,25000,23666.0039386443,23363.0719516696,26905.4974793476
"Watertown",42.223,-71.1166,23300,23386.0317557998,22863.5805555198,23320.5147779412
"Watertown",42.2235,-71.105,28700,26097.0755319938,26242.8791752277,27083.4053732293
"Watertown",42.222,-71.0933,21500,21026.6488412796,21201.4413670476,20259.5136697971
"Watertown",42.2185,-71.106,23000,23655.7283663735,24456.6391367571,23928.4511094514
"Newton",42.2137,-71.11,26700,27845.6334185287,27249.1024270767,28639.8844463926
"Newton",42.2166,-71.121,21700,20826.1823580016,21579.6102356512,22227.6768964752
"Newton",42.2134,-71.125,27500,27478.6937680725,27257.3809266814,28241.3357303768
"Newton",42.2183,-71.1208,30100,26465.419037333,26847.0339736694,28923.3353326727
"Newton",42.206,-71.11,44800,44076.0082370671,43840.7872237842,43259.8925749057
"Newton",42.1975,-71.1012,50000,41128.6872439479,41818.7281662945,43765.2340733972
"Newton",42.2025,-71.1215,37600,41442.9070061998,40924.8788396805,41390.837194103
"Newton",42.1947,-71.116,31600,32681.1591898358,33098.0815814851,31844.3853053439
"Newton",42.185,-71.11,46700,40284.18522329,39876.9050846124,41005.1141563613
"Newton",42.1807,-71.119,31500,29256.9108529219,29475.5495508153,35872.2440603303
"Newton",42.188,-71.13,24300,22171.060977802,21935.4744824416,23340.8075230632
"Newton",42.193,-71.1285,31700,35838.4522346122,36245.287645515,33538.3368834985
"Newton",42.1946,-71.14,41700,41346.8201258656,41409.24878271,44834.010101449
"Newton",42.204,-71.134,48300,43998.2881011496,43993.9158416851,42423.7840299783
"Newton",42.2142,-71.132,29000,27594.4937500871,27976.502505388,27568.1609120212
"Newton",42.2141,-71.138,24000,23085.4193937027,22973.9234268086,24502.7153093165
"Newton",42.211,-71.1485,25100,24621.5393254298,26125.7245361713,26270.9798170922
"Newton",42.203,-71.1491,31500,35366.5979208796,35784.4152285251,33720.8625706703
"Natick",42.1875,-71.2055,23700,26080.4093609434,26194.7463385374,25594.7102885796
"Natick",42.187,-71.2035,23300,26041.6774900977,26294.3947905713,25905.9447906261
"Natick",42.164,-71.1966,22000,25221.3306151236,25698.3556290947,25712.9168707738
"Natick",42.1645,-71.2138,20100,20519.1489088867,20139.8842587153,21144.4521843842
"Natick",42.1782,-71.22,22200,21816.0333180575,21682.9925196299,21639.8440329676
"Natick",42.1725,-71.232,23700,25247.4543484861,25381.8595139905,24273.1382727277
"Framingham",42.163,-71.2435,17600,17812.4882765272,17305.053980402,17778.4630328961
"Framingham",42.1618,-71.2575,18500,18117.9125101098,17447.253154195,17831.6067218613
"Framingham",42.169,-71.262,24300,21101.7424513694,21017.0699427744,22161.420315499
"Framingham",42.1703,-71.247,20500,19382.5671748979,19088.050082857,21465.1175696858
"Framingham",42.1767,-71.255,24500,22072.8632436811,21935.3946198706,22997.8357720116
"Framingham",42.1825,-71.2475,26200,26277.0223386086,26351.2312587085,26564.2931977836
"Framingham",42.191,-71.238,24400,24913.7089346138,25022.2985487865,25281.7175775188
"Framingham",42.1982,-71.2435,24800,25375.2729788692,25454.3601483199,25582.9137522443
"Framingham",42.1935,-71.2685,29600,29114.8508134555,28993.3570819116,29252.200714383
"Framingham",42.1727,-71.2807,42800,35013.5533151458,35674.9266396878,42354.3739002288
"Ashland",42.1575,-71.2895,21900,21674.236260447,22360.538253565,22871.7851468987
"Ashland",42.1482,-71.269,20900,20152.0792787301,20533.9666655881,20604.8191774812
"Sherborn",42.145,-71.223,44000,42605.8796077848,41187.3022288583,39790.6526194091
"Brookline",42.2073,-71.0679,50000,42731.937611613,42684.2083205419,45323.1540860794
"Brookline",42.2077,-71.0727,36000,35523.2928456137,35323.5259679964,38659.1213278154
"Brookline",42.2075,-71.0765,30100,31547.5546711112,31551.8370469638,39642.3999151284
"Brookline",42.204,-71.08,33800,34020.7737220927,34324.0750537975,33202.9227103193
"Brookline",42.202,-71.079,43100,39302.7933417133,38788.6229738712,38265.3033642262
"Brookline",42.2,-71.0835,48800,44201.0106502469,43616.628458622,44994.9590114785
"Brookline",42.198,-71.075,31000,32355.2287700072,32935.5011903559,32187.3143740781
"Brookline",42.203,-71.071,36500,34958.7113713715,34906.1921201782,36865.5538706241
"Brookline",42.2,-71.07,22800,22693.8063740524,23191.5004861201,26960.5786032806
"Brookline",42.1965,-71.0725,30700,28450.8207786967,29308.2236803252,25921.2715598442
"Brookline",42.1925,-71.085,50000,44665.0759398179,44990.5004497466,39640.73400416
"Brookline",42.2075,-71.0925,43500,43654.0022681458,42521.9852937865,48215.1663433406
"Dedham",42.154,-71.098,20700,21445.9753935706,22476.5727186882,21236.9230935424
"Dedham",42.141,-71.087,21100,21456.1315532022,20760.7174847526,19455.4011073196
"Dedham",42.1355,-71.094,25200,24835.6546851822,24971.1803719907,25689.8335386754
"Dedham",42.1445,-71.0982,24400,26109.8821420186,25950.1522771391,24863.2566534653
"Dedham",42.151,-71.117,35200,38209.0397261265,32320.6402096649,32704.5118464652
"Needham",42.1675,-71.1305,32400,32711.8479422764,31644.859350494,35616.1088406834
"Needham",42.1733,-71.138,32000,33696.099480064,34034.7564272063,35293.3196112591
"Needham",42.1632,-71.1405,33200,36229.9299679274,32951.1967400214,32141.1693452205
"Needham",42.173,-71.1495,33100,33193.4557335496,31591.4336895993,33698.4549831345
"Needham",42.1813,-71.1395,29100,27463.6348255123,27109.6933165995,28973.1142025588
"Wellesley",42.188,-71.148,35100,34158.0029826628,34164.380493314,35742.8166283768
"Wellesley",42.187,-71.166,45400,44974.5758563894,45121.0037819542,40858.1120205623
"Wellesley",42.1848,-71.185,35400,35545.2481266136,35128.73374218,33783.7966642406
"Wellesley",42.1735,-71.1775,46000,44321.6211255288,36692.1395417276,42047.8236978803
"Dover",42.1475,-71.173,50000,39276.7857648177,34853.3067529616,47363.7289218645
"Medfield",42.1105,-71.18,32200,29482.3647482182,30083.1261583755,28641.5612954314
"Millis",42.1,-71.2135,22000,23609.6793227618,23536.7247652138,24719.4613891774
"Norfolk",42.0675,-71.195,20100,20417.8392527514,20725.5999890309,17644.5650918774
"Walpole",42.0775,-71.148,23200,22566.5017276134,22538.6625964555,23240.596468158
"Walpole",42.094,-71.1325,22300,22615.5507538793,22639.954876583,22886.304926533
"Walpole",42.098,-71.155,24800,24279.970866319,24100.055176679,23479.8192974683
"Westwood",42.1235,-71.1385,28500,31580.0584704094,30873.7392301973,31787.3641156089
"Westwood",42.1408,-71.133,37300,35045.388002415,33372.3241729358,32924.4783444718
"Westwood",42.1307,-71.107,27900,28448.5381279866,27845.0821239178,28645.5528031741
"Norwood",42.11,-71.109,23900,23099.1936579609,23388.259569153,25409.3158269076
"Norwood",42.1217,-71.118,21700,21718.8965623888,22120.4334373861,22817.8068844023
"Norwood",42.1166,-71.1309,28600,28324.0958626184,27100.3433337747,28883.421263386
"Norwood",42.1108,-71.128,27100,25321.7513681941,25268.518333422,26265.2750465846
"Norwood",42.1025,-71.121,20300,19882.7626761076,20021.0297860019,19228.8097025991
"Sharon",42.0725,-71.12,22500,24338.0598779341,24936.6763110227,25302.9785747416
"Sharon",42.059,-71.1,29000,30685.0595023398,31684.0987537269,29982.6936876609
"Sharon",42.0735,-71.1035,24800,27256.318504079,28424.3126580426,26241.9631424688
"Canton",42.095,-71.0875,22000,24757.1390481319,25116.3011565173,25088.932140956
"Canton",42.102,-71.0625,26400,24990.8247854352,25211.7048757953,25872.4923458228
"Canton",42.12,-71.0865,33100,32452.3339572258,32895.0612241939,33026.595928385
"Milton",42.145,-71.0465,36100,34162.4173556435,35159.18142892,32089.4972875031
"Milton",42.1525,-71.057,28400,27652.0372353457,27367.401466805,29074.8409387924
"Milton",42.159,-71.045,33400,34705.647309156,34929.5370405986,31985.6909566877
"Milton",42.1565,-71.028,28200,29238.789453168,29223.6128831907,29825.9260829785
"Quincy",42.1555,-71.0138,22800,26347.7876678632,26739.6472728621,27387.795596468
"Quincy",42.16,-71.0201,20300,20689.2498097362,20514.4892542655,19934.2681278712
"Quincy",42.176,-71.016,16100,19462.2021626799,19564.5294149817,15143.6552014403
"Quincy",42.178,-71.0075,22100,23998.1585685832,24464.5644053591,25167.0825540805
"Quincy",42.167,-71.015,19400,20211.0254566821,19825.6827536171,18390.5814050236
"Quincy",42.1613,-71.0075,21600,22001.6417212864,22155.2997674163,22159.6544421218
"Quincy",42.153,-71,23800,22578.8024057962,22755.9887070762,21903.0092078355
"Quincy",42.158,-70.9795,16200,18519.2782831695,18284.3639368438,19390.0724629632
"Quincy",42.1485,-70.988,17800,18072.6159038087,17528.7603192475,18203.0900179115
"Quincy",42.1425,-71.004,19800,18849.2017859052,18319.8122411143,18937.9108167785
"Quincy",42.15,-71.01,23100,22746.1487760948,22819.8394727484,20953.5667832085
"Quincy",42.151,-71.02,21000,21108.7617256786,20915.7863252915,19816.646879862
"Braintree",42.129,-71.0085,23800,23862.1149268639,24071.4202193083,23305.0224432806
"Braintree",42.134,-70.9975,23100,23430.6373345935,23662.5066115204,22985.173659549
"Braintree",42.1367,-70.99,20400,21223.0254953117,21434.5977172553,21182.9547617588
"Braintree",42.1375,-70.9834,18500,18313.0632091663,18029.4720254913,17844.337995169
"Braintree",42.1265,-70.9895,25000,24592.931376398,24822.8940177733,24074.5549812398
"Braintree",42.1066,-71,24600,25283.0702591639,25321.798306987,25094.2851440254
"Braintree",42.1175,-70.9995,23000,23792.7534915574,23971.7559049886,23635.2511995387
"Braintree",42.1215,-71.01,22200,21066.1714240939,20974.306564487,20267.6888192154
"Randolph",42.113,-71.0275,19300,19923.3994888966,20171.3452905015,19847.7985674554
"Randolph",42.115,-71.0415,22600,23235.3032090317,23067.6519039887,22874.8093452953
"Randolph",42.098,-71.025,19800,20570.1641925611,20765.110715228,20380.5059545631
"Holbrook",42.0865,-71.0115,17100,18642.2104517074,18302.569487424,16878.7257011788
"Holbrook",42.0895,-70.996,19400,20508.521185823,20183.1882923296,19241.4529385658
"Weymouth",42.0995,-70.9795,22200,23129.6921633813,23308.5957161945,22243.4414625082
"Weymouth",42.101,-70.965,20700,22774.4970739241,22972.7551956557,21677.1554709272
"Weymouth",42.115,-70.97,21100,21306.3999292921,21589.981689118,20409.4483116092
"Weymouth",42.128,-70.976,19500,20337.3852776766,20459.3087531396,19039.4176377509
"Weymouth",42.127,-70.9602,18500,19495.3662922854,19491.2449004353,18365.4196307752
"Weymouth",42.1374,-70.9633,20600,21969.4127578078,22207.464497101,20471.9646395716
"Weymouth",42.144,-70.9675,19000,21204.9788560797,21299.0202997397,19413.262341382
"Weymouth",42.1503,-70.965,18700,20473.9913206236,20514.9278172889,19398.6428800649
"Cohasset",42.1465,-70.8875,32700,31272.2392562684,30842.948394411,27300.7973856577
"Hull",42.16,-70.915,16500,19793.9037008575,19645.8524281841,18735.5950015913
"Hingham",42.1475,-70.937,23900,24586.0605956812,25122.4631384783,25585.3946810481
"Hingham",42.123,-70.9325,31200,30097.9830682097,30653.403561709,28828.499460851
"Rockland",42.0725,-70.947,17500,18734.1610547971,18804.2928220613,18086.4841924048
"Rockland",42.0825,-70.9501,17200,17823.9283432301,17862.2334389913,16680.986771271
"Hanover",42.0795,-70.9275,23100,24420.4747767903,24735.3895337374,24506.3704303949
"Norwell",42.1016,-70.92,24500,26849.5648822267,27381.8507061716,26410.603073232
"Scituate",42.13,-70.855,26600,25819.492064836,25814.0031435035,21159.623049265
"Scituate",42.115,-70.833,22900,22491.4988049068,22495.1248012002,20812.2228147107
"Marshfield",42.0775,-70.83,24100,23970.8416700848,24031.8189673312,24379.9426778771
"Marshfield",42.059,-70.81,18600,19757.76146289,19516.7097739691,19937.7235772781
"Duxbury",42.0485,-70.83,30100,27304.7325452304,27726.9844506992,30031.3623405814
"Pembroke",42.052,-70.853,18200,19502.4608612499,19479.202629442,17527.886874477
"Pembroke",42.03,-70.8525,20600,20720.4856327503,20564.6835836866,20658.5369757601
"Boston Allston-Brighton",42.2172,-71.083,17800,14631.8779602621,19943.2955196,16917.3276043411
"Boston Allston-Brighton",42.212,-71.095,21700,20060.4475853437,21786.0443960967,20681.8499125237
"Boston Allston-Brighton",42.21,-71.1007,22700,21394.66233168,22234.2259883543,21064.6943293897
"Boston Allston-Brighton",42.207,-71.093,22600,20678.3320355806,19718.1679643285,21637.9355738175
"Boston Allston-Brighton",42.2033,-71.0905,25000,26565.5379479091,25205.2490895406,24883.7794817197
"Boston Allston-Brighton",42.21,-71.0865,19900,19044.9804370033,18308.0980440831,19792.7293763723
"Boston Allston-Brighton",42.208,-71.081,20800,22557.1527129068,21731.0814144822,21990.5058426381
"Boston Allston-Brighton",42.215,-71.0865,16800,18227.5605273827,21233.165848334,17978.2400640521
"Boston Back Bay",42.2098,-71.059,21900,23541.2806538584,24128.042375007,24082.0909845827
"Boston Back Bay",42.2075,-71.0595,27500,24961.7470275994,25338.1658726086,27586.9080679469
"Boston Back Bay",42.2052,-71.054,21900,19385.237498987,19037.3260151135,17258.5180845858
"Boston Back Bay",42.207,-71.0508,23100,20922.9890305815,20794.5718392025,24959.9024352313
"Boston Back Bay",42.2105,-71.048,50000,38611.5752259718,36841.4491239041,57524.2023084008
"Boston Back Bay",42.2125,-71.0497,50000,44145.1759021326,41045.6677653368,48059.4886786952
"Boston Beacon Hill",42.2144,-71.0422,50000,40073.2855105534,39627.2633092235,63292.4458284989
"Boston Beacon Hill",42.216,-71.0417,50000,31157.8201596599,26774.3270450698,34309.0756796513
"Boston Beacon Hill",42.2182,-71.0397,50000,32967.0276000883,32592.6387227956,36838.3693189845
"Boston North End",42.2207,-71.0339,13800,11248.7287728526,11073.0268195773,13176.3461505567
"Boston North End",42.2187,-71.0346,13800,12923.4382799787,12419.8077257352,12110.1248168145
"Boston Charlestown",42.224,-71.0367,15000,17512.8644526876,17146.8798900445,18441.3718894832
"Boston Charlestown",42.226,-71.034,13900,12429.3778591045,12318.0536717328,13634.5916474984
"Boston Charlestown",42.2265,-71.038,13300,14140.5296024212,14193.7832206856,14245.1303363819
"Boston Charlestown",42.2248,-71.04,13100,9889.51141578439,9866.78745762654,11861.3588408571
"Boston Charlestown",42.2275,-71.04,10200,10636.9114479967,10767.1138560782,12638.7336623366
"Boston Charlestown",42.23,-71.046,10400,13585.6794587182,13184.7629681924,9638.86023892979
"Boston East Boston",42.229,-71.041,10900,11888.095131706,11998.5697088452,11877.3778341204
"Boston East Boston",42.2287,-71.023,11300,11245.2499193797,11422.7774200657,11646.6710275545
"Boston East Boston",42.227,-71.0215,12300,11394.9008597412,11552.3043628817,11696.8759182784
"Boston East Boston",42.2235,-71.0245,8800,11626.3438444649,11469.1998560209,10112.2328766899
"Boston East Boston",42.2213,-71.0235,7200,8715.03351155208,8834.57015718754,9514.99537085002
"Boston East Boston",42.2231,-71.0228,10500,9505.38563650296,9438.02457967697,9016.387973173
"Boston East Boston",42.2248,-71.0215,7400,8519.43655841923,8540.29058387812,8928.65996096416
"Boston East Boston",42.2255,-71.0195,10200,9873.87931510446,9951.78520433008,9103.33149602924
"Boston East Boston",42.2281,-71.0168,11500,12568.4622648674,12704.7190878967,12881.6613624467
"Boston East Boston",42.23,-71.0109,15100,14883.7180823902,14859.379498769,15163.455975249
"Boston East Boston",42.233,-71.0035,23200,15558.4711382274,15454.2164116923,16728.9912592262
"Boston East Boston",42.2205,-71.02,9700,10852.2819944546,10966.3605947306,9719.41801875165
"Boston South Boston",42.201,-71.0167,13800,16591.9927841518,16274.6243531493,14242.9946359771
"Boston South Boston",42.1993,-71.02,12700,13444.3163467802,13424.7944823663,13012.7205767557
"Boston South Boston",42.1996,-71.022,13100,15288.2100571844,15221.3222201531,12838.4371864848
"Boston South Boston",42.1993,-71.026,12500,14822.1841381804,14846.9303809079,11704.8320006196
"Boston South Boston",42.2024,-71.025,8500,13107.1886068295,13232.6218518414,13005.951597262
"Boston South Boston",42.209,-71.023,5000,8010.64119322991,7776.01380874012,6582.75448799869
"Boston South Boston",42.2032,-71.033,6300,10408.674887503,10483.5387895313,8072.35858919953
"Boston South Boston",42.2011,-71.0326,5600,8177.44139394504,8254.05690508562,8017.20331330949
"Boston South Boston",42.2015,-71.03,7200,11660.1255924821,11801.5472828652,10669.4840771327
"Boston South Boston",42.1988,-71.03,12100,13256.9933823068,13336.4642851551,11549.2149057297
"Boston South Boston",42.198,-71.0332,8300,9202.47515869319,9372.41604041577,10725.3517913632
"Boston South Boston",42.2001,-71.0345,8500,8752.63016043238,8248.69425855632,6054.36001094945
"Boston South Boston",42.2057,-71.032,5000,9156.70702104045,8810.51666181268,5222.37562662432
"Boston Downtown",42.2198,-71.039,11900,13286.439397968,13241.9353675616,16161.9369422918
"Boston Downtown",42.209,-71.0427,27900,22477.3722985598,20482.3380927601,24761.9091008933
"Boston Downtown",42.205,-71.0437,17200,13723.1381735838,13683.7694465359,16640.4081014547
"Boston Downtown",42.206,-71.0455,27500,16393.7697368664,15796.6437602878,18655.7366270793
"Boston Downtown",42.2075,-71.0462,15000,14976.1543010921,14405.3652766356,18360.2281467212
"Boston Downtown",42.2048,-71.0487,17200,14018.7675482091,13872.1483328608,17995.6404866423
"Boston Downtown",42.203,-71.047,17900,15316.8868578669,14614.0388422211,14382.5009996256
"Boston Downtown",42.2015,-71.0451,16300,13418.0344986239,12995.7169653052,15778.7236148515
"Boston Roxbury",42.1985,-71.042,7000,11152.2836072358,10905.1790702921,7478.49371829254
"Boston Roxbury",42.1953,-71.0455,7200,10088.6930057311,10153.222521378,9483.44541995439
"Boston Roxbury",42.1965,-71.0477,7500,11256.3755094366,11326.3496697954,9775.19023169175
"Boston Roxbury",42.2007,-71.0498,10400,10458.4439221287,10187.8677695707,9954.94514501698
"Boston Roxbury",42.1989,-71.0525,8800,12535.7168631761,12109.3692422022,7692.68032547881
"Boston Roxbury",42.1999,-71.0586,8400,10903.4899812447,10969.1650348982,8777.84743272115
"Boston Roxbury",42.199,-71.0618,16700,16633.9290677403,15981.4386471117,16085.7058691844
"Boston Roxbury",42.2018,-71.065,14200,16709.3005507454,16195.0090342088,16176.866944628
"Boston Roxbury",42.197,-71.0665,20800,18763.7852113323,18060.1675790974,17935.1834270685
"Boston Roxbury",42.1948,-71.0619,13400,12383.5276430661,12463.7912951534,11372.4088757069
"Boston Roxbury",42.192,-71.059,11700,13836.9626101653,14004.9467415343,12436.628968274
"Boston Roxbury",42.1967,-71.0577,8300,10105.6357468947,10325.2323629372,10486.1559659227
"Boston Roxbury",42.1937,-71.0558,10200,13220.1543584345,13466.2140835196,11493.0579193944
"Boston Roxbury",42.1961,-71.0542,10900,12782.0462332236,12366.8245589382,10413.0191692423
"Boston Roxbury",42.194,-71.0521,11000,11423.7756270576,11603.295113404,10033.804303866
"Boston Roxbury",42.192,-71.0485,9500,11196.1762646835,11348.0452144054,10662.8188071338
"Boston Roxbury",42.189,-71.0547,14500,14369.6905601317,14457.621696293,13655.2754968857
"Boston Roxbury",42.188,-71.0505,14100,14969.6265365157,14824.944852695,13218.8318976813
"Boston Roxbury",42.1854,-71.052,16100,16883.5578579409,16940.6174611305,16066.5791800481
"Boston Savin Hill",42.1815,-71.0495,14300,13745.9825675324,13723.6698386228,13831.6497107321
"Boston Savin Hill",42.1842,-71.0475,11700,12212.7113814147,12405.3015524313,12765.3655474704
"Boston Savin Hill",42.1867,-71.046,13400,10941.6763134998,10972.5019197397,11019.3748813573
"Boston Savin Hill",42.1893,-71.0455,9600,10964.1048176815,11100.9797537821,11497.4938422228
"Boston Savin Hill",42.1917,-71.0445,8700,9697.89415788254,9761.60227399143,9717.48480754606
"Boston Savin Hill",42.1938,-71.0445,8400,9176.63477387047,9122.7852000344,7398.18885704806
"Boston Savin Hill",42.194,-71.037,12800,11459.2812657755,11438.788801796,11202.3213878157
"Boston Savin Hill",42.1925,-71.0321,10500,9061.88007705184,9026.36303146581,9487.42419417246
"Boston Savin Hill",42.185,-71.0345,17100,13450.0530771823,13296.9347311681,13484.4073546561
"Boston Savin Hill",42.189,-71.034,18400,15911.6590370391,15606.5838443004,15494.3682425474
"Boston Savin Hill",42.1892,-71.0378,15400,13722.1974126235,13551.9172187561,13618.5574971144
"Boston Savin Hill",42.192,-71.0405,10800,10426.215743534,10379.9243938105,11080.5126745668
"Boston Savin Hill",42.189,-71.0425,11800,10550.3778143223,10616.4889263398,10324.1379027029
"Boston Savin Hill",42.1868,-71.039,14900,15363.6433336817,15111.4903903165,14196.0940894154
"Boston Savin Hill",42.184,-71.037,12600,14857.3305284392,14562.0992726333,15229.9830063651
"Boston Savin Hill",42.182,-71.04,14100,13896.5544814776,13862.2454689553,15018.2431038398
"Boston Savin Hill",42.1845,-71.0428,13000,14461.5875621,14359.7821168579,13911.0992871044
"Boston Savin Hill",42.181,-71.046,13400,13502.6802100244,13416.5382883707,13684.7073593736
"Boston Savin Hill",42.1795,-71.041,15200,16540.7417569114,16458.5673681186,16061.0314203687
"Boston Savin Hill",42.179,-71.034,16100,16391.9221856786,16238.8634989674,16201.4439254114
"Boston Savin Hill",42.177,-71.04,17800,17921.4458366449,17994.8119086428,17817.7659297006
"Boston Savin Hill",42.1768,-71.0455,14900,12585.8371082402,12559.3982115334,13808.0823123254
"Boston Savin Hill",42.178,-71.051,14100,13417.6409665165,13294.7623547977,13844.2276111141
"Boston Dorchester",42.1735,-71.0517,12700,13183.8277980309,12990.7883104127,13435.1612892185
"Boston Dorchester",42.17,-71.0515,13500,12672.7658783829,12605.1300838652,14154.125751745
"Boston Dorchester",42.169,-71.0475,14900,15642.9837937178,15523.8764361694,16282.9726135221
"Boston Dorchester",42.169,-71.043,20000,17896.665671358,17520.3020589713,17986.839269103
"Boston Dorchester",42.1728,-71.043,16400,16613.8668658457,16535.999446942,16427.2678724217
"Boston Dorchester",42.1745,-71.035,17700,19049.3593590973,18726.2419967205,18281.6788149914
"Boston Dorchester",42.1695,-71.031,19500,18925.1783889984,18509.7397372404,18663.4165480067
"Boston Dorchester",42.1675,-71.0358,20200,22714.7260170837,22096.2164374644,20689.4949761517
"Boston Dorchester",42.164,-71.045,21400,20683.0472833519,20277.1099769082,20255.4719543554
"Boston Dorchester",42.165,-71.055,19900,20253.3412538349,20109.0605308104,19260.1781429697
"Boston Dorchester",42.1685,-71.055,19000,14586.4826342454,14368.9734475187,15349.5674173242
"Boston Mattapan",42.178,-71.066,19100,15998.2026112185,16045.8065863258,15936.0577309123
"Boston Mattapan",42.168,-71.07,19100,16283.3312930508,15892.5891505227,16583.0930599255
"Boston Mattapan",42.1725,-71.069,20100,19119.4601890734,18672.2570713273,18745.4020912719
"Boston Mattapan",42.168,-71.074,19900,18863.053220886,18855.2739979435,19545.429533531
"Boston Mattapan",42.1698,-71.0825,19600,21176.7298648108,21260.4641258427,21557.1919896536
"Boston Mattapan",42.175,-71.0833,23200,21247.0214801557,21129.1682389268,20530.6142419378
"Boston Forest Hills",42.184,-71.0732,29800,24607.5649109814,24209.8587072065,21986.0980705925
"Boston Forest Hills",42.183,-71.055,13800,16236.6636491255,16306.5377036606,16519.4155117922
"Boston Forest Hills",42.1879,-71.0511,13300,14931.8873327128,14884.0931508897,13389.110173671
"Boston Forest Hills",42.188,-71.0565,16700,16906.4217346283,17031.754734697,16908.6162420554
"Boston Forest Hills",42.192,-71.0528,12000,11370.9284238706,11526.9304727233,12678.9066649021
"Boston Forest Hills",42.1913,-71.0558,14600,15377.4200337245,15446.9804795502,16401.6851689163
"Boston Forest Hills",42.1945,-71.067,21400,19064.6756824653,18325.9829656064,20932.6156784586
"Boston West Roxbury",42.174,-71.1008,23000,23003.347898964,23099.7035165084,22544.3826453744
"Boston West Roxbury",42.173,-71.095,23700,25738.8110698158,25855.3054725253,26239.0230834456
"Boston West Roxbury",42.1665,-71.09,25000,25929.4657426486,26175.1244300581,27627.1074444245
"Boston West Roxbury",42.1608,-71.0975,21800,21787.7806941145,22319.4590718862,21992.0310853932
"Boston Hyde Park",42.154,-71.0804,20600,21410.608913662,21568.3062240083,20474.8313502663
"Boston Hyde Park",42.1455,-71.075,21200,22861.8915143186,23239.0192664655,22178.4864726674
"Boston Hyde Park",42.155,-71.0715,19100,19432.7649540631,19435.8680356089,19623.88330029
"Boston Hyde Park",42.161,-71.065,20600,22693.3466450637,22651.6205303111,21801.2178436109
"Chelsea",42.2344,-71.0189,15200,13798.7137664286,13790.0252295906,13024.7825651818
"Chelsea",42.2335,-71.0228,7000,11168.1909964959,11411.6729278595,9874.73291597505
"Chelsea",42.2368,-71.0245,8100,10673.4394659001,10796.0061146337,8554.44611384476
"Chelsea",42.2382,-71.016,13600,14328.2216050544,14393.2964060287,12668.7852859497
"Chelsea",42.2447,-71.0297,20100,17378.9662400804,17238.5777767106,15920.477481537
"Revere",42.2462,-71.0125,21800,21239.2738305567,21120.9973021187,22866.1763547243
"Revere",42.25,-71.0125,24500,22503.9611902112,22312.0941332129,23909.6188031709
"Revere",42.2547,-71.0105,23100,21784.9251353681,21513.5995975502,22498.1033640638
"Revere",42.2525,-71.001,19700,17297.6950280427,17188.5018018968,15402.7356207874
"Revere",42.2496,-70.9947,18300,19201.0023113772,19068.8242824836,18836.6718164763
"Revere",42.2455,-71.005,21200,21280.9401090658,21143.0707623243,21488.3217527027
"Revere",42.243,-70.9985,17500,18699.0621685205,18703.4562631536,18017.7066767773
"Revere",42.238,-70.992,16800,19540.9384031312,19515.356682469,18458.2500423042
"Winthrop",42.2312,-70.986,22400,20737.7309354971,20725.4198229,18528.916261426
"Winthrop",42.2275,-70.991,20600,18717.7084161416,18772.1145204426,18651.9839412465
"Winthrop",42.226,-70.9948,23900,22951.372043158,22821.099026224,23307.2854375643
"Winthrop",42.224,-70.9875,22000,21631.0339743353,21564.9421669423,21398.3119134153
"Winthrop",42.221,-70.9825,11900,18197.1647652247,18283.7848500264,19536.4191607951
